{
  "model": "pure_gamma_5x5",
  "coords": "raw pixels",
  "gamma_L_4x4": [
    [
      0.45,
      0.45,
      0.505492653177742,
      0.49756706074915846,
      0.45134336419807647
    ],
    [
      0.45227027094515526,
      0.48426557838561396,
      0.4896233743824412,
      0.47810735664322906,
      0.5538230327564098
    ],
    [
      0.6223432305624259,
      0.5122555835954322,
      0.45,
      0.5148813464327545,
      0.5297807628077129
    ],
    [
      0.5823395759873694,
      0.5709590493667015,
      0.4796148619734951,
      0.5134202558314924,
      0.5616753224501482
    ],
    [
      0.46686618358295173,
      0.4861574022289645,
      0.4321556487741222,
      0.4666832835767872,
      0.45
    ]
  ],
  "gamma_R_4x4": [
    [
      0.45,
      0.45,
      0.48706877146960337,
      0.44651429091616446,
      0.45
    ],
    [
      0.48823203840019175,
      0.4660076954429957,
      0.511065026235118,
      0.5231920353700265,
      0.41546998840064375
    ],
    [
      0.5615110216258863,
      0.4751046542263767,
      0.45,
      0.5902713718336379,
      0.4815660114386779
    ],
    [
      0.5991898540704612,
      0.4830804651414488,
      0.44776293616919133,
      0.49002764861043924,
      0.4096031466564547
    ],
    [
      0.40667646360766474,
      0.45875022853945696,
      0.4191250453248485,
      0.44912880545932105,
      0.45
    ]
  ],
  "baseline": {
    "dx": 0.2743628415962031,
    "dy": -0.0020615667243496882,
    "dz": 0.0
  }
}